CpuUsageRate(%),MemoryUsageRate(%),SyscallRead,SyscallWrite,NetworkP90(ms)
8.148346470503457,81.12354461477993,0.0,0.0,3.4771357999999988
8.77308803013819,6.50018559104104,0.0,0.0,0
