CpuUsageRate(%),MemoryUsageRate(%),SyscallRead,SyscallWrite,NetworkP90(ms)
6.316644666366274,25.960900648584907,0.0,0.0,2.3675469
4.415102715975503,2.9130803811355834,0.0,0.0,0
