CpuUsageRate(%),MemoryUsageRate(%),SyscallRead,SyscallWrite,NetworkP90(ms)
6.74114257433035,35.39118468086674,0.0,0.0,13.864903
6.151483898106788,3.0330147168295825,0.0,0.0,0
