CpuUsageRate(%),MemoryUsageRate(%),SyscallRead,SyscallWrite,NetworkP90(ms)
61.278632112359475,28.2085490676592,0.0,0.0,86.43125479999998
10.243241715771235,2.325383297746744,0.0,0.0,0
