CpuUsageRate(%),MemoryUsageRate(%),SyscallRead,SyscallWrite,NetworkP90(ms)
1.1984303731150603,4.979736328125,0.0,0.0,47.741681
4.967202930370712,0.5314950151735743,0.0,0.0,0
