CpuUsageRate(%),MemoryUsageRate(%),SyscallRead,SyscallWrite,NetworkP90(ms)
45.66067651625912,51.39508402122642,0.0,0.0,10
9.71214700863644,5.109145710969603,0.0,0.0,10
