CpuUsageRate(%),MemoryUsageRate(%),SyscallRead,SyscallWrite,NetworkP90(ms)
0.5512836531739899,25.56117795548349,0.0,0.0,2.378574
4.00801154530056,3.754947596388617,0.0,0.0,0
