CpuUsageRate(%),MemoryUsageRate(%),SyscallRead,SyscallWrite,NetworkP90(ms)
42.479453213245854,26.41704055498231,0.0,0.0,2.326210399999999
8.7633848821739,2.7384829953525847,0.0,0.0,0
