CpuUsageRate(%),MemoryUsageRate(%),SyscallRead,SyscallWrite,NetworkP90(ms)
13.76221199942097,6.025695099580631,0.0,0.0,4.585176499999998
7.568728805507732,0.5269450696852397,0.0,0.0,0
