CpuUsageRate(%),MemoryUsageRate(%),SyscallRead,SyscallWrite,NetworkP90(ms)
3.395384796326614,30.78086996978184,0.0,0.0,2.2571614000000007
7.6899467375589055,3.7837934155967425,0.0,0.0,0
