CpuUsageRate(%),MemoryUsageRate(%),SyscallRead,SyscallWrite,NetworkP90(ms)
0.3802106166250783,18.01732545528228,0.0,0.0,300
0.21897196120524592,0.4397332425316781,0.0,0.0,0
