CpuUsageRate(%),MemoryUsageRate(%),SyscallRead,SyscallWrite,NetworkP90(ms)
0.34810922831211927,18.292812619183877,0.0,0.0,300
0.18076994593599957,0.43436904579980523,0.0,0.0,0
