CpuUsageRate(%),MemoryUsageRate(%),SyscallRead,SyscallWrite,NetworkP90(ms)
0.8139759478498068,17.978898205091593,74.87872353790286,85.52556050730199,300
0.4665906714165841,0.28340761705124246,49.80815324135416,78.24294414500126,0
