CpuUsageRate(%),MemoryUsageRate(%),SyscallRead,SyscallWrite,NetworkP90(ms)
0.47230161290320133,21.807401464769228,0.0,0.0,300
0.6387894664368392,0.656360048541045,0.0,0.0,0
