CpuUsageRate(%),MemoryUsageRate(%),SyscallRead,SyscallWrite,NetworkP90(ms)
1.868549337062388,21.71275341461667,0.0,0.0,3.6589675
1.0685270404043825,0.4305522345293831,0.0,0.0,1.03684497554276
