CpuUsageRate(%),MemoryUsageRate(%),SyscallRead,SyscallWrite,NetworkP90(ms)
0.7880588473509232,17.92598341557019,67.55912465445292,77.84135394530645,300
0.5049895792765915,0.46344804280391094,49.55896087883269,78.95461766448214,0
