CpuUsageRate(%),MemoryUsageRate(%),SyscallRead,SyscallWrite,NetworkP90(ms)
0.34455944889939855,18.182458970967033,0.0,0.0,300
0.18473684311082011,0.35684637966038624,0.0,0.0,0
