CpuUsageRate(%),MemoryUsageRate(%),SyscallRead,SyscallWrite,NetworkP90(ms)
1.2292118634893148,23.259260583524068,0.0,0.0,200.8420170000000002
1.1606730484095311,1.7436570900563553,0.0,0.0,2.3269441484440163
