CpuUsageRate(%),MemoryUsageRate(%),SyscallRead,SyscallWrite,NetworkP90(ms)
0.8172730439551773,20.696346568697532,70.88487045853758,79.97262124017676,300
0.48368032402175665,0.32375181986482426,49.21830971797998,77.99719590983328,0
