CpuUsageRate(%),MemoryUsageRate(%),SyscallRead,SyscallWrite,NetworkP90(ms)
1.5675453335444407,22.642581402555287,187.10913728331397,299.2861585523954,300
1.016132952828377,1.3375527980167357,109.82582857963803,185.63679294044763,0
