CpuUsageRate(%),MemoryUsageRate(%),SyscallRead,SyscallWrite,NetworkP90(ms)
1.3901488533250361,22.179433638443932,122.56907012967615,136.3966801975733,30.136008
5.161628626455764,0.4871515394482378,64.41224270055193,101.21278242370998,0.46518738684411587
