CpuUsageRate(%),MemoryUsageRate(%),SyscallRead,SyscallWrite,NetworkP90(ms)
0.7539498849693708,22.082353046338632,0.0,0.0,100.7070397999999996
0.797536903383035,0.9182488956478264,0.0,0.0,5.197127182464288
