CpuUsageRate(%),MemoryUsageRate(%),SyscallRead,SyscallWrite,NetworkP90(ms)
0.38580024821088343,20.142535963720537,0.0,0.0,300
0.21700364338280448,0.441421067567936,0.0,0.0,0
