CpuUsageRate(%),MemoryUsageRate(%),SyscallRead,SyscallWrite,NetworkP90(ms)
1.196492396735743,21.293538150743668,0.0,0.0,300
8.389579716843784,0.3212013644069745,0.0,0.0,0
