CpuUsageRate(%),MemoryUsageRate(%),SyscallRead,SyscallWrite,NetworkP90(ms)
0.6298404033130502,21.526730549199055,0.0,0.0,10
0.4650241857052616,0.6645083149773675,0.0,0.0,10
