CpuUsageRate(%),MemoryUsageRate(%),SyscallRead,SyscallWrite,NetworkP90(ms)
1.2094636919566448,26.26533523431543,0.0,0.0,100.762285
4.544202424317545,1.3875808314624756,0.0,0.0,0.3838098007826087
