CpuUsageRate(%),MemoryUsageRate(%),SyscallRead,SyscallWrite,NetworkP90(ms)
0.3848895183291571,20.26573301034512,0.0,0.0,300
0.22674374220386315,0.40070846415371714,0.0,0.0,0
