CpuUsageRate(%),MemoryUsageRate(%),SyscallRead,SyscallWrite,NetworkP90(ms)
10.33614519778464,41.363008468011145,6483.792375144436,6064.116818069667,100
1.911170950411082,3.2354826741822085,3351.269250786963,2764.245087122028,10
