CpuUsageRate(%),MemoryUsageRate(%),SyscallRead,SyscallWrite,NetworkP90(ms)
1.8124564518924569,26.718398854643453,157.77125674481806,213.94067171229602,10
1.30157206930851,1.7645870937505814,103.89693905358503,171.20115170603017,10
