CpuUsageRate(%),MemoryUsageRate(%),SyscallRead,SyscallWrite,NetworkP90(ms)
0.00807379726661501,0.09703425939168574,0.0,0.0,300
0.005494363608571944,0.03681898725557245,0.0,0.0,0
