CpuUsageRate(%),MemoryUsageRate(%),SyscallRead,SyscallWrite,NetworkP90(ms)
3.175278864227419,25.274197445890454,0.0,0.0,100.4299632
1.6644521408192523,1.8203387956807102,0.0,0.0,1.8993188183496763
