CpuUsageRate(%),MemoryUsageRate(%),SyscallRead,SyscallWrite,NetworkP90(ms)
3.485880228431337,25.04507726091723,639.4175302154177,1204.200423105562,100.7848906000000004
2.126810247556083,1.7083533621334765,281.5385666742983,595.4144465743973,1.0133612084275827
