CpuUsageRate(%),MemoryUsageRate(%),SyscallRead,SyscallWrite,NetworkP90(ms)
0.9595410343368099,22.625268461575157,87.29975357775308,83.60639156349434,10
0.9161868327579428,0.7060310574290821,48.271236950304456,71.15512643078057,10
