CpuUsageRate(%),MemoryUsageRate(%),SyscallRead,SyscallWrite,NetworkP90(ms)
0.6269087794789713,22.967465049342096,0.0,0.0,20.62931
0.7165930464381152,0.5241471320558995,0.0,0.0,0.4466546166288005
