CpuUsageRate(%),MemoryUsageRate(%),SyscallRead,SyscallWrite,NetworkP90(ms)
1.043029676600773,24.46093973469683,0.0,0.0,300
0.5870420110510295,1.650904774482173,0.0,0.0,0
