CpuUsageRate(%),MemoryUsageRate(%),SyscallRead,SyscallWrite,NetworkP90(ms)
1.4329760202967756,24.124680587337945,0.0,0.0,62.271697
6.78655937453435,1.0469115401809295,0.0,0.0,0.6179785661724615
