CpuUsageRate(%),MemoryUsageRate(%),SyscallRead,SyscallWrite,NetworkP90(ms)
2.2392313550170044,22.79645606884063,242.12970393679552,219.96951471175404,50.05546039999999963
7.399749194122456,0.8636811835327451,166.26824697168595,153.46911079696085,0.7908045969644721
