CpuUsageRate(%),MemoryUsageRate(%),SyscallRead,SyscallWrite,NetworkP90(ms)
0.35283616229267356,18.146792465198363,0.0,0.0,300
0.2068055592832846,0.39960035025790724,0.0,0.0,0
