CpuUsageRate(%),MemoryUsageRate(%),SyscallRead,SyscallWrite,NetworkP90(ms)
0.712128535526639,21.8257377479024,0.0,0.0,50.7144033
0.6267092024198028,0.3767488529067652,0.0,0.0,0.41544932871027623
