CpuUsageRate(%),MemoryUsageRate(%),SyscallRead,SyscallWrite,NetworkP90(ms)
2.5207273220531556,24.040720049103747,377.5163498837626,664.5781068304638,82.7386608000000003
1.9587190532282772,1.7442938432590134,246.15026705067976,484.5403818201444,1.1480450466871568
