CpuUsageRate(%),MemoryUsageRate(%),SyscallRead,SyscallWrite,NetworkP90(ms)
0.9332286507994405,21.729545969202814,93.62321703883259,87.11673130257017,80.225288
0.5534421179888573,0.5506398647647008,53.83655161635425,74.84670221536533,0.8103987273466952
