CpuUsageRate(%),MemoryUsageRate(%),SyscallRead,SyscallWrite,NetworkP90(ms)
2.566308351882473,26.072517996758275,276.6347083228783,521.4204321919542,30.849982
1.7408429223740431,1.5042341442568659,107.39678957907476,219.42132438433808,1.311410459565627
