CpuUsageRate(%),MemoryUsageRate(%),SyscallRead,SyscallWrite,NetworkP90(ms)
0.43013720549037143,20.338948679443096,0.0,0.0,70.025226
0.31734248963169737,0.4260520532394675,0.0,0.0,0.2952999598727659
