CpuUsageRate(%),MemoryUsageRate(%),SyscallRead,SyscallWrite,NetworkP90(ms)
0.6596638826386934,23.5228402400362,0.0,0.0,40.5723320000000001
0.9051696285850295,0.9263678575569078,0.0,0.0,0.49368807103449924
