CpuUsageRate(%),MemoryUsageRate(%),SyscallRead,SyscallWrite,NetworkP90(ms)
0.06347363480419911,2.5511879648169242,0.0,0.0,300
0.6039955575311043,0.638648969359468,0.0,0.0,0
