CpuUsageRate(%),MemoryUsageRate(%),SyscallRead,SyscallWrite,NetworkP90(ms)
0.33865037819062604,17.588812958857787,0.0,0.0,300
0.18767076342308747,0.2875119388290039,0.0,0.0,0
