CpuUsageRate(%),MemoryUsageRate(%),SyscallRead,SyscallWrite,NetworkP90(ms)
1.0403478273016618,22.39967447916669,0.0,0.0,30.700902
6.312038521044831,0.5316162317460648,0.0,0.0,0.002767817190495046
