CpuUsageRate(%),MemoryUsageRate(%),SyscallRead,SyscallWrite,NetworkP90(ms)
0.2598886618090306,0.24765624999999833,0.0,0.0,300
0.09400581362595789,1.6653345369377348e-15,0.0,0.0,0
