CpuUsageRate(%),MemoryUsageRate(%),SyscallRead,SyscallWrite,NetworkP90(ms)
1.2998769400649137,19.509809871996513,139.64299141549458,216.31573518038869,20.043543
5.079776346900019,0.5056311927941043,67.68090567863702,123.82885335471828,0.5040389883504715
