CpuUsageRate(%),MemoryUsageRate(%),SyscallRead,SyscallWrite,NetworkP90(ms)
0.35431433635494225,19.716449454137997,0.0,0.0,300
0.179073483716407,0.15438809154222113,0.0,0.0,0
